shot_id_number,is_goal
26001.0,1.0
26004.0,0.0
26005.0,1.0
26007.0,1.0
26008.0,0.0
26010.0,1.0
26011.0,0.0
26012.0,0.0
26013.0,1.0
26014.0,0.0
26015.0,0.0
26017.0,1.0
26018.0,1.0
26019.0,0.0
26020.0,1.0
26021.0,0.0
26022.0,0.0
26024.0,0.0
26025.0,0.0
26026.0,0.0
26027.0,0.0
26028.0,0.0
26029.0,0.0
26030.0,0.0
26031.0,0.0
26032.0,0.0
26033.0,0.0
26034.0,0.0
26035.0,1.0
26036.0,0.0
26037.0,0.0
26039.0,0.0
26040.0,0.0
26042.0,0.0
26044.0,1.0
26045.0,0.0
26047.0,0.0
26048.0,0.0
26049.0,0.0
26052.0,1.0
26055.0,0.0
26056.0,0.0
26058.0,0.0
26059.0,0.0
26063.0,0.0
26065.0,0.0
26066.0,0.0
26069.0,0.0
26070.0,0.0
26073.0,1.0
26076.0,0.0
26077.0,0.0
26078.0,0.0
26079.0,0.0
26080.0,0.0
26082.0,0.0
26083.0,0.0
26084.0,0.0
26085.0,0.0
26086.0,0.0
26088.0,0.0
26089.0,0.0
26090.0,0.0
26091.0,0.0
26092.0,0.0
26093.0,0.0
26094.0,0.0
26095.0,0.0
26096.0,0.0
26097.0,0.0
26098.0,0.0
26099.0,0.0
26100.0,0.0
26101.0,0.0
26102.0,1.0
26103.0,1.0
26104.0,1.0
26105.0,0.0
26106.0,1.0
26107.0,0.0
26109.0,0.0
26110.0,1.0
26111.0,0.0
26114.0,0.0
26116.0,0.0
26117.0,0.0
26118.0,0.0
26119.0,0.0
26120.0,0.0
26121.0,0.0
26123.0,0.0
26124.0,0.0
26125.0,1.0
26126.0,0.0
26127.0,1.0
26128.0,0.0
26129.0,1.0
26130.0,0.0
26132.0,0.0
26134.0,0.0
26137.0,0.0
26138.0,0.0
26140.0,1.0
26141.0,0.0
26142.0,1.0
26143.0,0.0
26144.0,1.0
26145.0,0.0
26146.0,0.0
26148.0,1.0
26149.0,1.0
26151.0,0.0
26152.0,0.0
26153.0,0.0
26154.0,0.0
26158.0,0.0
26159.0,0.0
26160.0,0.0
26161.0,0.0
26163.0,0.0
26164.0,0.0
26166.0,0.0
26167.0,0.0
26168.0,0.0
26169.0,1.0
26170.0,0.0
26171.0,0.0
26172.0,0.0
26174.0,1.0
26176.0,0.0
26178.0,0.0
26180.0,0.0
26181.0,0.0
26182.0,0.0
26183.0,0.0
26185.0,0.0
26186.0,0.0
26187.0,0.0
26188.0,0.0
26189.0,0.0
26191.0,0.0
26192.0,0.0
26193.0,0.0
26194.0,0.0
26195.0,0.0
26196.0,0.0
26197.0,0.0
26198.0,0.0
26199.0,0.0
26200.0,0.0
26201.0,1.0
26202.0,0.0
26203.0,0.0
26206.0,0.0
26207.0,1.0
26208.0,0.0
26209.0,1.0
26210.0,1.0
26211.0,0.0
26213.0,0.0
26214.0,0.0
26216.0,1.0
26217.0,0.0
26218.0,0.0
26219.0,1.0
26220.0,1.0
26221.0,0.0
26222.0,1.0
26224.0,0.0
26225.0,0.0
26226.0,0.0
26228.0,0.0
26229.0,0.0
26230.0,0.0
26231.0,1.0
26233.0,0.0
26234.0,0.0
26235.0,1.0
26236.0,0.0
26238.0,0.0
26239.0,0.0
26240.0,1.0
26241.0,0.0
26242.0,0.0
26244.0,0.0
26245.0,1.0
26247.0,0.0
26250.0,0.0
26251.0,0.0
26252.0,0.0
26253.0,0.0
26254.0,0.0
26255.0,0.0
26256.0,0.0
26257.0,1.0
26258.0,1.0
26259.0,0.0
26261.0,1.0
26262.0,1.0
26264.0,0.0
26265.0,0.0
26266.0,0.0
26268.0,1.0
26270.0,0.0
26272.0,0.0
26274.0,0.0
26275.0,0.0
26276.0,1.0
26278.0,1.0
26279.0,0.0
26280.0,0.0
26281.0,0.0
26283.0,0.0
26284.0,1.0
26285.0,0.0
26287.0,0.0
26288.0,1.0
26289.0,0.0
26290.0,1.0
26291.0,0.0
26292.0,0.0
26293.0,1.0
26294.0,0.0
26295.0,0.0
26296.0,0.0
26298.0,0.0
26299.0,0.0
26300.0,0.0
26301.0,0.0
26302.0,0.0
26303.0,0.0
26304.0,1.0
26305.0,0.0
26307.0,0.0
26308.0,0.0
26310.0,0.0
26311.0,1.0
26312.0,1.0
26314.0,1.0
26315.0,0.0
26316.0,0.0
26317.0,0.0
26318.0,0.0
26320.0,0.0
26321.0,0.0
26322.0,1.0
26323.0,0.0
26324.0,0.0
26325.0,0.0
26326.0,0.0
26327.0,0.0
26328.0,0.0
26331.0,1.0
26332.0,1.0
26334.0,0.0
26335.0,0.0
26336.0,0.0
26338.0,0.0
26339.0,0.0
26340.0,0.0
26342.0,1.0
26344.0,0.0
26345.0,0.0
26346.0,0.0
26347.0,0.0
26348.0,0.0
26349.0,0.0
26350.0,0.0
26351.0,1.0
26352.0,1.0
26353.0,0.0
26354.0,0.0
26355.0,0.0
26356.0,0.0
26357.0,0.0
26358.0,0.0
26359.0,0.0
26360.0,0.0
26362.0,1.0
26363.0,0.0
26364.0,1.0
26368.0,0.0
26369.0,1.0
26370.0,0.0
26371.0,0.0
26372.0,0.0
26373.0,0.0
26374.0,1.0
26375.0,0.0
26377.0,0.0
26379.0,0.0
26380.0,0.0
26381.0,0.0
26383.0,0.0
26384.0,0.0
26385.0,1.0
26387.0,0.0
26388.0,0.0
26390.0,0.0
26392.0,0.0
26393.0,0.0
26394.0,0.0
26395.0,0.0
26396.0,0.0
26397.0,0.0
26398.0,1.0
26399.0,0.0
26402.0,0.0
26403.0,0.0
26404.0,0.0
26405.0,0.0
26406.0,0.0
26408.0,0.0
26410.0,0.0
26411.0,0.0
26412.0,0.0
26413.0,1.0
26414.0,1.0
26416.0,1.0
26417.0,0.0
26418.0,1.0
26420.0,1.0
26425.0,0.0
26426.0,1.0
26427.0,1.0
26428.0,1.0
26429.0,0.0
26430.0,0.0
26431.0,1.0
26433.0,1.0
26434.0,1.0
26435.0,0.0
26436.0,1.0
26437.0,1.0
26438.0,0.0
26439.0,0.0
26440.0,0.0
26443.0,1.0
26445.0,0.0
26449.0,0.0
26450.0,1.0
26452.0,0.0
26453.0,0.0
26454.0,0.0
26455.0,0.0
26456.0,1.0
26457.0,0.0
26458.0,1.0
26460.0,0.0
26461.0,1.0
26462.0,0.0
26463.0,0.0
26464.0,1.0
26467.0,0.0
26468.0,1.0
26469.0,0.0
26471.0,1.0
26472.0,0.0
26473.0,0.0
26475.0,1.0
26477.0,1.0
26478.0,0.0
26479.0,0.0
26480.0,1.0
26482.0,0.0
26483.0,0.0
26484.0,0.0
26485.0,0.0
26486.0,0.0
26488.0,0.0
26489.0,0.0
26490.0,0.0
26491.0,1.0
26492.0,1.0
26493.0,0.0
26494.0,0.0
26495.0,0.0
26496.0,0.0
26497.0,0.0
26498.0,0.0
26499.0,0.0
26500.0,0.0
26502.0,0.0
26504.0,0.0
26505.0,0.0
26506.0,1.0
26507.0,1.0
26508.0,0.0
26509.0,1.0
26511.0,0.0
26512.0,0.0
26514.0,0.0
26515.0,0.0
26516.0,0.0
26518.0,0.0
26519.0,0.0
26520.0,0.0
26521.0,0.0
26522.0,1.0
26523.0,0.0
26524.0,0.0
26525.0,1.0
26526.0,0.0
26528.0,1.0
26529.0,0.0
26530.0,0.0
26531.0,1.0
26532.0,0.0
26533.0,0.0
26536.0,0.0
26537.0,0.0
26538.0,0.0
26539.0,0.0
26540.0,0.0
26541.0,0.0
26542.0,0.0
26543.0,0.0
26544.0,0.0
26546.0,0.0
26547.0,1.0
26548.0,0.0
26549.0,0.0
26552.0,0.0
26553.0,0.0
26554.0,1.0
26556.0,0.0
26557.0,0.0
26559.0,1.0
26560.0,0.0
26561.0,0.0
26562.0,0.0
26563.0,0.0
26564.0,0.0
26565.0,0.0
26566.0,0.0
26567.0,1.0
26568.0,0.0
26569.0,0.0
26570.0,0.0
26574.0,0.0
26576.0,0.0
26577.0,1.0
26579.0,0.0
26580.0,0.0
26581.0,0.0
26582.0,0.0
26585.0,0.0
26586.0,0.0
26587.0,0.0
26588.0,0.0
26589.0,1.0
26591.0,1.0
26592.0,0.0
26594.0,0.0
26595.0,1.0
26596.0,0.0
26597.0,0.0
26599.0,1.0
26600.0,1.0
26601.0,0.0
26603.0,0.0
26604.0,1.0
26605.0,0.0
26607.0,0.0
26609.0,1.0
26610.0,0.0
26611.0,0.0
26612.0,1.0
26614.0,0.0
26617.0,0.0
26621.0,0.0
26622.0,0.0
26623.0,0.0
26624.0,0.0
26625.0,0.0
26627.0,1.0
26629.0,0.0
26631.0,0.0
26632.0,0.0
26633.0,0.0
26634.0,1.0
26636.0,0.0
26637.0,0.0
26638.0,0.0
26639.0,0.0
26640.0,0.0
26642.0,1.0
26643.0,0.0
26644.0,1.0
26646.0,0.0
26647.0,0.0
26649.0,1.0
26650.0,0.0
26652.0,1.0
26654.0,0.0
26655.0,0.0
26656.0,0.0
26657.0,1.0
26658.0,0.0
26659.0,0.0
26661.0,1.0
26662.0,1.0
26666.0,0.0
26668.0,0.0
26669.0,0.0
26670.0,0.0
26671.0,1.0
26672.0,1.0
26674.0,0.0
26678.0,0.0
26680.0,0.0
26681.0,0.0
26682.0,0.0
26683.0,0.0
26684.0,1.0
26685.0,1.0
26686.0,0.0
26688.0,0.0
26690.0,0.0
26691.0,0.0
26692.0,1.0
26693.0,0.0
26694.0,1.0
26695.0,1.0
26696.0,0.0
26698.0,0.0
26699.0,0.0
26700.0,0.0
26701.0,1.0
26702.0,1.0
26703.0,1.0
26704.0,0.0
26705.0,0.0
26706.0,1.0
26707.0,0.0
26708.0,0.0
26709.0,1.0
26710.0,0.0
26711.0,1.0
26712.0,0.0
26713.0,0.0
26714.0,0.0
26715.0,0.0
26716.0,0.0
26717.0,0.0
26718.0,0.0
26719.0,0.0
26720.0,0.0
26721.0,0.0
26722.0,0.0
26723.0,0.0
26724.0,1.0
26725.0,0.0
26726.0,1.0
26727.0,0.0
26728.0,0.0
26729.0,0.0
26730.0,0.0
26731.0,1.0
26733.0,0.0
26734.0,0.0
26735.0,0.0
26736.0,1.0
26738.0,0.0
26739.0,0.0
26740.0,1.0
26741.0,1.0
26742.0,0.0
26743.0,0.0
26744.0,1.0
26745.0,1.0
26746.0,0.0
26750.0,0.0
26751.0,0.0
26752.0,1.0
26753.0,0.0
26755.0,0.0
26756.0,0.0
26757.0,0.0
26758.0,0.0
26761.0,0.0
26762.0,0.0
26764.0,0.0
26766.0,0.0
26767.0,0.0
26768.0,1.0
26770.0,1.0
26772.0,1.0
26773.0,1.0
26774.0,0.0
26775.0,0.0
26777.0,0.0
26779.0,0.0
26781.0,0.0
26782.0,0.0
26784.0,0.0
26786.0,1.0
26788.0,0.0
26789.0,0.0
26790.0,0.0
26791.0,0.0
26792.0,0.0
26793.0,0.0
26794.0,0.0
26795.0,1.0
26796.0,1.0
26797.0,1.0
26798.0,0.0
26799.0,0.0
26801.0,1.0
26802.0,0.0
26803.0,1.0
26805.0,0.0
26806.0,0.0
26807.0,0.0
26808.0,1.0
26809.0,0.0
26810.0,0.0
26811.0,0.0
26813.0,0.0
26814.0,0.0
26815.0,1.0
26817.0,0.0
26818.0,0.0
26819.0,0.0
26820.0,0.0
26821.0,0.0
26822.0,0.0
26824.0,0.0
26825.0,1.0
26826.0,0.0
26827.0,0.0
26828.0,0.0
26829.0,0.0
26831.0,1.0
26832.0,1.0
26833.0,0.0
26835.0,0.0
26837.0,0.0
26838.0,1.0
26839.0,0.0
26840.0,1.0
26842.0,0.0
26843.0,0.0
26844.0,0.0
26846.0,0.0
26847.0,0.0
26848.0,1.0
26850.0,0.0
26851.0,0.0
26853.0,0.0
26855.0,0.0
26857.0,0.0
26859.0,0.0
26861.0,0.0
26862.0,0.0
26863.0,0.0
26864.0,0.0
26865.0,0.0
26867.0,0.0
26868.0,0.0
26869.0,0.0
26870.0,0.0
26872.0,1.0
26874.0,0.0
26875.0,0.0
26876.0,0.0
26877.0,0.0
26878.0,0.0
26879.0,1.0
26880.0,1.0
26881.0,0.0
26882.0,0.0
26883.0,0.0
26884.0,1.0
26885.0,0.0
26888.0,0.0
26889.0,0.0
26890.0,0.0
26892.0,0.0
26893.0,0.0
26894.0,1.0
26895.0,0.0
26896.0,1.0
26897.0,0.0
26898.0,0.0
26899.0,1.0
26900.0,0.0
26901.0,1.0
26902.0,0.0
26903.0,0.0
26904.0,1.0
26906.0,1.0
26908.0,1.0
26909.0,0.0
26910.0,0.0
26911.0,1.0
26912.0,1.0
26913.0,0.0
26914.0,0.0
26915.0,0.0
26916.0,0.0
26917.0,0.0
26918.0,0.0
26919.0,0.0
26921.0,0.0
26922.0,0.0
26923.0,0.0
26925.0,1.0
26926.0,0.0
26927.0,0.0
26928.0,0.0
26929.0,1.0
26932.0,0.0
26933.0,1.0
26934.0,0.0
26935.0,0.0
26936.0,0.0
26937.0,0.0
26938.0,1.0
26939.0,1.0
26940.0,0.0
26943.0,1.0
26945.0,1.0
26946.0,0.0
26947.0,0.0
26948.0,0.0
26950.0,1.0
26951.0,0.0
26953.0,0.0
26954.0,0.0
26955.0,0.0
26957.0,1.0
26958.0,0.0
26959.0,0.0
26960.0,0.0
26961.0,0.0
26962.0,0.0
26963.0,0.0
26964.0,1.0
26965.0,0.0
26966.0,1.0
26967.0,0.0
26968.0,0.0
26969.0,0.0
26970.0,0.0
26971.0,0.0
26972.0,1.0
26974.0,1.0
26975.0,0.0
26976.0,1.0
26978.0,1.0
26979.0,0.0
26980.0,0.0
26981.0,0.0
26982.0,0.0
26983.0,0.0
26984.0,0.0
26985.0,0.0
26986.0,0.0
26987.0,1.0
26988.0,0.0
26990.0,0.0
26991.0,0.0
26992.0,0.0
26994.0,0.0
26995.0,0.0
26996.0,0.0
26998.0,1.0
27000.0,1.0
27001.0,0.0
27002.0,0.0
27003.0,0.0
27004.0,0.0
27005.0,0.0
27006.0,0.0
27007.0,0.0
27008.0,0.0
27009.0,0.0
27010.0,0.0
27011.0,0.0
27012.0,1.0
27014.0,0.0
27015.0,1.0
27016.0,0.0
27017.0,0.0
27018.0,0.0
27019.0,0.0
27020.0,0.0
27022.0,1.0
27024.0,0.0
27026.0,0.0
27028.0,0.0
27029.0,1.0
27030.0,1.0
27033.0,0.0
27035.0,0.0
27037.0,0.0
27038.0,1.0
27039.0,0.0
27040.0,0.0
27041.0,0.0
27042.0,0.0
27043.0,0.0
27046.0,0.0
27047.0,0.0
27048.0,1.0
27049.0,1.0
27052.0,0.0
27053.0,0.0
27054.0,1.0
27058.0,0.0
27062.0,1.0
27063.0,1.0
27064.0,1.0
27067.0,0.0
27068.0,0.0
27069.0,1.0
27071.0,0.0
27072.0,0.0
27074.0,0.0
27075.0,0.0
27076.0,1.0
27078.0,0.0
27079.0,1.0
27080.0,0.0
27081.0,1.0
27082.0,0.0
27083.0,0.0
27084.0,0.0
27087.0,0.0
27088.0,0.0
27089.0,0.0
27090.0,1.0
27091.0,0.0
27092.0,0.0
27093.0,1.0
27094.0,0.0
27095.0,0.0
27096.0,0.0
27097.0,0.0
27098.0,0.0
27100.0,1.0
27101.0,0.0
27102.0,0.0
27103.0,1.0
27104.0,0.0
27106.0,0.0
27107.0,0.0
27108.0,1.0
27110.0,0.0
27111.0,1.0
27112.0,1.0
27113.0,0.0
27114.0,1.0
27115.0,0.0
27116.0,0.0
27117.0,1.0
27118.0,0.0
27119.0,0.0
27120.0,1.0
27121.0,0.0
27122.0,0.0
27124.0,0.0
27126.0,1.0
27127.0,0.0
27128.0,0.0
27129.0,0.0
27130.0,0.0
27131.0,0.0
27132.0,0.0
27134.0,0.0
27136.0,0.0
27137.0,0.0
27143.0,0.0
27145.0,0.0
27146.0,0.0
27147.0,0.0
27149.0,1.0
27150.0,0.0
27151.0,0.0
27152.0,0.0
27153.0,0.0
27155.0,1.0
27156.0,1.0
27157.0,0.0
27158.0,0.0
27159.0,0.0
27161.0,0.0
27163.0,0.0
27164.0,0.0
27165.0,0.0
27166.0,0.0
27167.0,0.0
27168.0,0.0
27169.0,0.0
27170.0,0.0
27171.0,0.0
27173.0,0.0
27174.0,0.0
27179.0,0.0
27180.0,0.0
27181.0,0.0
27182.0,0.0
27183.0,0.0
27184.0,0.0
27185.0,0.0
27186.0,0.0
27187.0,0.0
27188.0,1.0
27189.0,0.0
27190.0,0.0
27191.0,0.0
27192.0,1.0
27193.0,1.0
27194.0,0.0
27195.0,1.0
27196.0,0.0
27198.0,0.0
27199.0,0.0
27200.0,0.0
27202.0,0.0
27203.0,0.0
27209.0,0.0
27210.0,0.0
27211.0,1.0
27212.0,0.0
27213.0,0.0
27214.0,0.0
27215.0,0.0
27217.0,0.0
27218.0,0.0
27219.0,0.0
27220.0,0.0
27221.0,1.0
27222.0,0.0
27223.0,1.0
27225.0,0.0
27226.0,1.0
27227.0,0.0
27228.0,0.0
27229.0,0.0
27231.0,0.0
27232.0,0.0
27233.0,0.0
27236.0,0.0
27237.0,0.0
27239.0,0.0
27240.0,0.0
27242.0,0.0
27243.0,0.0
27244.0,0.0
27245.0,0.0
27246.0,1.0
27247.0,0.0
27248.0,0.0
27250.0,0.0
27253.0,1.0
27254.0,0.0
27255.0,1.0
27258.0,0.0
27259.0,0.0
27260.0,0.0
27261.0,0.0
27262.0,0.0
27264.0,0.0
27265.0,0.0
27266.0,0.0
27267.0,1.0
27270.0,0.0
27272.0,0.0
27273.0,0.0
27274.0,0.0
27275.0,1.0
27277.0,0.0
27278.0,0.0
27280.0,0.0
27281.0,0.0
27282.0,0.0
27283.0,0.0
27284.0,0.0
27285.0,0.0
27286.0,1.0
27287.0,1.0
27289.0,0.0
27291.0,1.0
27292.0,0.0
27294.0,0.0
27296.0,0.0
27297.0,0.0
27300.0,0.0
27301.0,0.0
27303.0,1.0
27305.0,0.0
27306.0,0.0
27307.0,0.0
27308.0,0.0
27309.0,0.0
27310.0,0.0
27311.0,0.0
27312.0,0.0
27313.0,0.0
27314.0,0.0
27315.0,0.0
27317.0,0.0
27319.0,0.0
27320.0,0.0
27321.0,0.0
27322.0,0.0
27323.0,0.0
27325.0,0.0
27326.0,1.0
27327.0,0.0
27328.0,1.0
27329.0,0.0
27331.0,0.0
27332.0,0.0
27334.0,0.0
27337.0,0.0
27338.0,0.0
27340.0,0.0
27343.0,0.0
27344.0,0.0
27348.0,1.0
27349.0,0.0
27350.0,0.0
27351.0,1.0
27352.0,0.0
27353.0,0.0
27355.0,0.0
27356.0,0.0
27357.0,0.0
27358.0,0.0
27359.0,0.0
27360.0,1.0
27362.0,0.0
27363.0,1.0
27364.0,1.0
27365.0,1.0
27366.0,0.0
27367.0,1.0
27368.0,1.0
27369.0,0.0
27370.0,0.0
27371.0,1.0
27372.0,1.0
27373.0,1.0
27374.0,1.0
27376.0,0.0
27377.0,0.0
27378.0,0.0
27379.0,1.0
27380.0,0.0
27381.0,1.0
27382.0,1.0
27383.0,1.0
27384.0,1.0
27385.0,0.0
27386.0,0.0
27388.0,0.0
27389.0,0.0
27391.0,0.0
27393.0,0.0
27394.0,0.0
27395.0,0.0
27396.0,1.0
27397.0,0.0
27398.0,1.0
27400.0,1.0
27401.0,0.0
27402.0,0.0
27404.0,0.0
27405.0,0.0
27406.0,1.0
27407.0,0.0
27408.0,1.0
27409.0,0.0
27411.0,0.0
27414.0,0.0
27415.0,1.0
27416.0,0.0
27417.0,0.0
27419.0,0.0
27420.0,0.0
27421.0,0.0
27424.0,0.0
27425.0,0.0
27426.0,0.0
27428.0,0.0
27430.0,0.0
27431.0,0.0
27433.0,0.0
27434.0,1.0
27435.0,1.0
27438.0,0.0
27439.0,1.0
27440.0,1.0
27442.0,0.0
27443.0,0.0
27446.0,0.0
27447.0,0.0
27449.0,0.0
27450.0,0.0
27451.0,0.0
27452.0,0.0
27453.0,0.0
27456.0,0.0
27457.0,0.0
27458.0,0.0
27460.0,0.0
27461.0,0.0
27462.0,0.0
27463.0,0.0
27464.0,0.0
27466.0,0.0
27467.0,1.0
27469.0,0.0
27470.0,0.0
27471.0,1.0
27472.0,1.0
27473.0,0.0
27474.0,0.0
27475.0,1.0
27476.0,0.0
27480.0,0.0
27482.0,0.0
27484.0,0.0
27485.0,0.0
27487.0,0.0
27488.0,0.0
27489.0,0.0
27490.0,0.0
27491.0,1.0
27492.0,1.0
27493.0,0.0
27494.0,0.0
27495.0,0.0
27496.0,1.0
27497.0,0.0
27499.0,0.0
27500.0,0.0
27501.0,0.0
27502.0,0.0
27503.0,0.0
27504.0,1.0
27506.0,0.0
27508.0,0.0
27510.0,0.0
27511.0,0.0
27512.0,0.0
27513.0,0.0
27515.0,0.0
27516.0,0.0
27518.0,1.0
27519.0,0.0
27520.0,1.0
27521.0,0.0
27522.0,0.0
27524.0,0.0
27525.0,0.0
27526.0,0.0
27528.0,0.0
27529.0,0.0
27530.0,0.0
27531.0,1.0
27532.0,0.0
27533.0,0.0
27534.0,1.0
27536.0,0.0
27537.0,0.0
27538.0,1.0
27539.0,0.0
27540.0,0.0
27541.0,1.0
27542.0,0.0
27543.0,1.0
27546.0,0.0
27547.0,0.0
27548.0,1.0
27549.0,0.0
27550.0,0.0
27551.0,0.0
27552.0,0.0
27553.0,0.0
27554.0,0.0
27555.0,0.0
27557.0,0.0
27558.0,0.0
27559.0,1.0
27560.0,0.0
27561.0,1.0
27562.0,0.0
27564.0,0.0
27566.0,0.0
27567.0,0.0
27568.0,0.0
27570.0,0.0
27571.0,1.0
27572.0,0.0
27573.0,0.0
27574.0,0.0
27575.0,0.0
27576.0,0.0
27577.0,0.0
27578.0,0.0
27579.0,0.0
27580.0,0.0
27581.0,0.0
27582.0,0.0
27583.0,0.0
27586.0,0.0
27587.0,0.0
27590.0,0.0
27591.0,0.0
27593.0,0.0
27594.0,1.0
27595.0,0.0
27596.0,1.0
27597.0,0.0
27598.0,0.0
27599.0,1.0
27601.0,0.0
27602.0,0.0
27603.0,1.0
27604.0,0.0
27606.0,1.0
27610.0,0.0
27612.0,0.0
27613.0,0.0
27614.0,1.0
27615.0,0.0
27616.0,0.0
27617.0,0.0
27618.0,0.0
27619.0,1.0
27620.0,0.0
27622.0,0.0
27623.0,0.0
27624.0,0.0
27625.0,0.0
27627.0,0.0
27630.0,1.0
27631.0,1.0
27632.0,0.0
27633.0,0.0
27634.0,0.0
27635.0,1.0
27637.0,0.0
27638.0,0.0
27639.0,0.0
27640.0,0.0
27641.0,0.0
27642.0,1.0
27643.0,0.0
27644.0,0.0
27646.0,0.0
27647.0,0.0
27648.0,1.0
27649.0,0.0
27650.0,0.0
27652.0,0.0
27653.0,0.0
27655.0,0.0
27657.0,0.0
27658.0,0.0
27659.0,1.0
27660.0,0.0
27661.0,0.0
27662.0,1.0
27664.0,0.0
27665.0,0.0
27666.0,0.0
27668.0,0.0
27669.0,0.0
27670.0,0.0
27672.0,0.0
27674.0,0.0
27675.0,0.0
27676.0,0.0
27679.0,1.0
27682.0,0.0
27683.0,0.0
27685.0,1.0
27686.0,0.0
27687.0,0.0
27689.0,1.0
27690.0,0.0
27691.0,0.0
27692.0,0.0
27693.0,0.0
27694.0,0.0
27695.0,1.0
27697.0,0.0
27698.0,1.0
27699.0,0.0
27700.0,0.0
27701.0,0.0
27702.0,1.0
27703.0,1.0
27704.0,1.0
27708.0,0.0
27710.0,0.0
27711.0,0.0
27712.0,0.0
27713.0,0.0
27714.0,0.0
27715.0,0.0
27716.0,1.0
27717.0,0.0
27718.0,0.0
27719.0,0.0
27721.0,0.0
27723.0,0.0
27725.0,0.0
27726.0,0.0
27727.0,0.0
27728.0,0.0
27729.0,0.0
27730.0,0.0
27732.0,0.0
27735.0,0.0
27736.0,0.0
27737.0,0.0
27738.0,0.0
27740.0,0.0
27741.0,1.0
27742.0,1.0
27743.0,0.0
27744.0,0.0
27745.0,0.0
27747.0,1.0
27749.0,1.0
27750.0,0.0
27752.0,0.0
27754.0,0.0
27756.0,1.0
27758.0,1.0
27759.0,0.0
27760.0,0.0
27761.0,0.0
27762.0,1.0
27763.0,0.0
27764.0,0.0
27765.0,0.0
27766.0,0.0
27767.0,0.0
27768.0,0.0
27769.0,0.0
27770.0,0.0
27771.0,1.0
27772.0,0.0
27773.0,0.0
27774.0,1.0
27775.0,0.0
27776.0,0.0
27778.0,0.0
27779.0,0.0
27780.0,1.0
27781.0,1.0
27782.0,1.0
27784.0,0.0
27785.0,0.0
27786.0,0.0
27787.0,0.0
27788.0,1.0
27789.0,0.0
27790.0,0.0
27791.0,0.0
27792.0,0.0
27793.0,0.0
27794.0,0.0
27796.0,1.0
27797.0,0.0
27798.0,0.0
27799.0,0.0
27800.0,0.0
27801.0,0.0
27802.0,1.0
27803.0,1.0
27804.0,0.0
27806.0,0.0
27807.0,1.0
27808.0,0.0
27809.0,0.0
27812.0,0.0
27813.0,0.0
27814.0,0.0
27816.0,0.0
27817.0,0.0
27818.0,0.0
27819.0,1.0
27821.0,0.0
27822.0,1.0
27824.0,0.0
27826.0,0.0
27827.0,0.0
27828.0,1.0
27829.0,0.0
27831.0,0.0
27832.0,0.0
27833.0,0.0
27834.0,0.0
27835.0,1.0
27836.0,1.0
27838.0,0.0
27839.0,1.0
27840.0,1.0
27841.0,0.0
27842.0,0.0
27843.0,0.0
27844.0,0.0
27845.0,0.0
27846.0,0.0
27847.0,1.0
27848.0,1.0
27849.0,0.0
27850.0,1.0
27851.0,0.0
27852.0,0.0
27854.0,1.0
27857.0,0.0
27858.0,0.0
27859.0,0.0
27860.0,1.0
27861.0,0.0
27862.0,0.0
27863.0,0.0
27864.0,1.0
27866.0,0.0
27867.0,1.0
27869.0,1.0
27870.0,0.0
27871.0,0.0
27872.0,0.0
27874.0,0.0
27875.0,0.0
27876.0,0.0
27877.0,1.0
27878.0,0.0
27879.0,0.0
27880.0,0.0
27881.0,0.0
27882.0,1.0
27884.0,0.0
27886.0,0.0
27888.0,0.0
27889.0,0.0
27891.0,0.0
27892.0,0.0
27893.0,0.0
27894.0,0.0
27895.0,0.0
27896.0,0.0
27897.0,0.0
27898.0,1.0
27900.0,0.0
27901.0,0.0
27902.0,0.0
27903.0,0.0
27904.0,0.0
27905.0,0.0
27906.0,0.0
27907.0,0.0
27908.0,0.0
27909.0,0.0
27910.0,0.0
27911.0,0.0
27912.0,1.0
27913.0,1.0
27914.0,0.0
27915.0,0.0
27916.0,1.0
27917.0,0.0
27918.0,0.0
27919.0,0.0
27920.0,0.0
27922.0,0.0
27923.0,0.0
27925.0,0.0
27926.0,0.0
27928.0,0.0
27930.0,0.0
27931.0,0.0
27933.0,0.0
27935.0,0.0
27936.0,1.0
27937.0,0.0
27938.0,0.0
27939.0,0.0
27940.0,1.0
27941.0,0.0
27942.0,0.0
27946.0,1.0
27947.0,1.0
27948.0,1.0
27949.0,0.0
27950.0,0.0
27951.0,0.0
27953.0,1.0
27954.0,0.0
27955.0,1.0
27956.0,1.0
27958.0,0.0
27959.0,1.0
27961.0,0.0
27962.0,1.0
27963.0,1.0
27964.0,1.0
27965.0,1.0
27967.0,1.0
27969.0,1.0
27970.0,1.0
27971.0,0.0
27972.0,0.0
27973.0,0.0
27974.0,0.0
27975.0,0.0
27976.0,0.0
27977.0,1.0
27978.0,0.0
27979.0,0.0
27981.0,0.0
27982.0,0.0
27983.0,0.0
27985.0,0.0
27986.0,0.0
27987.0,1.0
27988.0,0.0
27989.0,1.0
27990.0,1.0
27991.0,0.0
27992.0,0.0
27996.0,0.0
27997.0,1.0
27999.0,0.0
28000.0,0.0
28001.0,0.0
28003.0,1.0
28005.0,0.0
28007.0,1.0
28008.0,0.0
28009.0,0.0
28010.0,0.0
28011.0,1.0
28012.0,0.0
28013.0,0.0
28014.0,0.0
28016.0,0.0
28017.0,1.0
28018.0,0.0
28020.0,0.0
28021.0,0.0
28022.0,0.0
28023.0,0.0
28024.0,0.0
28025.0,0.0
28026.0,0.0
28027.0,0.0
28029.0,0.0
28030.0,0.0
28031.0,1.0
28032.0,0.0
28033.0,0.0
28034.0,0.0
28035.0,0.0
28036.0,0.0
28037.0,0.0
28038.0,0.0
28039.0,0.0
28040.0,0.0
28041.0,0.0
28044.0,0.0
28045.0,0.0
28046.0,0.0
28047.0,0.0
28048.0,0.0
28049.0,0.0
28050.0,0.0
28051.0,0.0
28052.0,0.0
28053.0,0.0
28054.0,0.0
28056.0,0.0
28057.0,0.0
28058.0,0.0
28059.0,0.0
28060.0,0.0
28062.0,0.0
28064.0,1.0
28065.0,0.0
28066.0,1.0
28067.0,0.0
28068.0,1.0
28069.0,0.0
28070.0,0.0
28071.0,1.0
28072.0,1.0
28073.0,1.0
28074.0,0.0
28075.0,0.0
28076.0,0.0
28078.0,0.0
28079.0,1.0
28080.0,0.0
28081.0,0.0
28082.0,1.0
28083.0,0.0
28084.0,0.0
28085.0,1.0
28086.0,1.0
28087.0,0.0
28088.0,0.0
28091.0,0.0
28092.0,1.0
28094.0,1.0
28100.0,0.0
28101.0,0.0
28102.0,0.0
28103.0,0.0
28104.0,0.0
28105.0,0.0
28106.0,0.0
28107.0,0.0
28109.0,0.0
28112.0,0.0
28113.0,1.0
28114.0,0.0
28116.0,1.0
28117.0,0.0
28118.0,1.0
28119.0,1.0
28120.0,0.0
28121.0,0.0
28122.0,0.0
28124.0,0.0
28127.0,0.0
28128.0,0.0
28130.0,0.0
28133.0,0.0
28134.0,0.0
28135.0,1.0
28136.0,0.0
28137.0,1.0
28138.0,1.0
28140.0,0.0
28141.0,1.0
28142.0,1.0
28143.0,1.0
28144.0,0.0
28148.0,0.0
28149.0,0.0
28150.0,0.0
28151.0,0.0
28154.0,0.0
28156.0,0.0
28157.0,1.0
28158.0,0.0
28159.0,1.0
28161.0,0.0
28162.0,1.0
28163.0,1.0
28164.0,0.0
28165.0,0.0
28168.0,0.0
28170.0,1.0
28171.0,0.0
28172.0,0.0
28173.0,0.0
28174.0,0.0
28175.0,0.0
28177.0,1.0
28178.0,1.0
28179.0,1.0
28180.0,0.0
28182.0,0.0
28183.0,0.0
28186.0,1.0
28188.0,0.0
28190.0,1.0
28191.0,1.0
28192.0,1.0
28194.0,0.0
28196.0,0.0
28197.0,0.0
28198.0,0.0
28199.0,0.0
28200.0,1.0
28201.0,0.0
28202.0,1.0
28204.0,0.0
28205.0,0.0
28207.0,0.0
28208.0,0.0
28212.0,0.0
28213.0,0.0
28214.0,0.0
28215.0,0.0
28217.0,0.0
28218.0,0.0
28219.0,0.0
28220.0,1.0
28221.0,1.0
28222.0,0.0
28225.0,1.0
28226.0,0.0
28227.0,0.0
28228.0,0.0
28230.0,1.0
28233.0,1.0
28236.0,0.0
28237.0,1.0
28238.0,0.0
28239.0,0.0
28240.0,1.0
28241.0,0.0
28242.0,0.0
28243.0,0.0
28244.0,0.0
28245.0,0.0
28246.0,1.0
28247.0,1.0
28249.0,0.0
28251.0,0.0
28253.0,0.0
28254.0,1.0
28256.0,0.0
28257.0,0.0
28258.0,0.0
28259.0,0.0
28260.0,0.0
28261.0,0.0
28262.0,1.0
28263.0,1.0
28264.0,0.0
28265.0,1.0
28267.0,0.0
28268.0,0.0
28269.0,0.0
28270.0,0.0
28271.0,0.0
28272.0,1.0
28273.0,0.0
28274.0,0.0
28275.0,0.0
28278.0,1.0
28279.0,1.0
28280.0,0.0
28281.0,1.0
28282.0,0.0
28283.0,0.0
28284.0,1.0
28285.0,0.0
28291.0,0.0
28292.0,0.0
28293.0,0.0
28294.0,1.0
28295.0,0.0
28297.0,1.0
28298.0,0.0
28299.0,0.0
28301.0,0.0
28302.0,1.0
28305.0,0.0
28308.0,0.0
28310.0,0.0
28311.0,0.0
28313.0,0.0
28314.0,0.0
28315.0,0.0
28316.0,0.0
28317.0,0.0
28318.0,1.0
28319.0,0.0
28320.0,0.0
28321.0,0.0
28322.0,0.0
28324.0,0.0
28325.0,1.0
28326.0,1.0
28328.0,0.0
28329.0,1.0
28330.0,0.0
28331.0,0.0
28332.0,1.0
28333.0,0.0
28334.0,0.0
28335.0,0.0
28337.0,0.0
28338.0,1.0
28339.0,0.0
28340.0,0.0
28341.0,0.0
28342.0,0.0
28343.0,0.0
28344.0,1.0
28346.0,0.0
28347.0,0.0
28348.0,1.0
28349.0,0.0
28350.0,0.0
28351.0,1.0
28352.0,1.0
28353.0,0.0
28354.0,0.0
28357.0,0.0
28358.0,1.0
28359.0,0.0
28360.0,0.0
28363.0,1.0
28364.0,0.0
28366.0,0.0
28368.0,0.0
28369.0,1.0
28370.0,0.0
28372.0,0.0
28373.0,0.0
28375.0,0.0
28376.0,0.0
28378.0,0.0
28379.0,0.0
28383.0,0.0
28384.0,0.0
28386.0,0.0
28387.0,0.0
28388.0,0.0
28389.0,1.0
28390.0,0.0
28391.0,0.0
28392.0,0.0
28395.0,0.0
28396.0,0.0
28397.0,0.0
28398.0,0.0
28399.0,1.0
28400.0,0.0
28401.0,0.0
28402.0,0.0
28403.0,0.0
28404.0,0.0
28406.0,0.0
28407.0,0.0
28408.0,0.0
28409.0,1.0
28410.0,0.0
28411.0,0.0
28412.0,0.0
28414.0,0.0
28415.0,0.0
28416.0,1.0
28417.0,1.0
28418.0,0.0
28419.0,0.0
28420.0,1.0
28421.0,0.0
28422.0,1.0
28423.0,1.0
28424.0,0.0
28425.0,0.0
28427.0,0.0
28430.0,0.0
28432.0,0.0
28433.0,0.0
28434.0,0.0
28435.0,0.0
28436.0,1.0
28437.0,1.0
28439.0,0.0
28440.0,0.0
28441.0,0.0
28443.0,0.0
28444.0,1.0
28446.0,0.0
28447.0,0.0
28450.0,1.0
28451.0,0.0
28452.0,0.0
28454.0,0.0
28455.0,0.0
28456.0,0.0
28458.0,1.0
28460.0,0.0
28461.0,0.0
28463.0,1.0
28464.0,1.0
28466.0,0.0
28467.0,0.0
28468.0,0.0
28469.0,0.0
28471.0,0.0
28472.0,0.0
28473.0,0.0
28474.0,1.0
28475.0,1.0
28477.0,0.0
28479.0,0.0
28480.0,1.0
28481.0,0.0
28482.0,0.0
28483.0,0.0
28484.0,0.0
28485.0,0.0
28486.0,0.0
28487.0,0.0
28488.0,0.0
28489.0,0.0
28491.0,0.0
28493.0,1.0
28494.0,0.0
28495.0,0.0
28496.0,1.0
28497.0,1.0
28498.0,1.0
28501.0,0.0
28502.0,0.0
28505.0,0.0
28507.0,0.0
28508.0,0.0
28510.0,0.0
28511.0,0.0
28512.0,0.0
28514.0,0.0
28515.0,1.0
28517.0,0.0
28518.0,0.0
28520.0,0.0
28521.0,0.0
28522.0,1.0
28523.0,1.0
28525.0,0.0
28529.0,0.0
28530.0,0.0
28531.0,0.0
28532.0,1.0
28534.0,0.0
28535.0,1.0
28536.0,0.0
28537.0,0.0
28538.0,0.0
28539.0,0.0
28540.0,0.0
28541.0,0.0
28543.0,1.0
28545.0,0.0
28546.0,0.0
28549.0,0.0
28550.0,0.0
28552.0,0.0
28553.0,1.0
28554.0,0.0
28555.0,1.0
28556.0,0.0
28557.0,0.0
28559.0,0.0
28560.0,0.0
28561.0,0.0
28562.0,0.0
28565.0,0.0
28567.0,1.0
28569.0,0.0
28570.0,0.0
28571.0,0.0
28572.0,0.0
28573.0,0.0
28574.0,0.0
28575.0,0.0
28576.0,0.0
28577.0,0.0
28581.0,0.0
28582.0,0.0
28583.0,1.0
28584.0,0.0
28585.0,0.0
28586.0,0.0
28587.0,0.0
28591.0,0.0
28592.0,1.0
28593.0,1.0
28594.0,1.0
28595.0,0.0
28596.0,0.0
28597.0,0.0
28598.0,1.0
28600.0,0.0
28601.0,0.0
28602.0,0.0
28603.0,0.0
28604.0,0.0
28605.0,0.0
28607.0,0.0
28608.0,0.0
28609.0,1.0
28611.0,0.0
28612.0,0.0
28614.0,0.0
28616.0,0.0
28617.0,0.0
28618.0,0.0
28620.0,0.0
28621.0,0.0
28622.0,0.0
28623.0,0.0
28624.0,0.0
28625.0,0.0
28626.0,0.0
28627.0,0.0
28628.0,0.0
28630.0,0.0
28631.0,0.0
28634.0,0.0
28636.0,1.0
28637.0,0.0
28638.0,0.0
28639.0,0.0
28640.0,1.0
28641.0,0.0
28642.0,0.0
28643.0,0.0
28644.0,0.0
28645.0,0.0
28647.0,0.0
28649.0,0.0
28650.0,0.0
28652.0,0.0
28653.0,0.0
28654.0,1.0
28655.0,0.0
28656.0,0.0
28657.0,0.0
28658.0,0.0
28659.0,0.0
28661.0,0.0
28662.0,1.0
28664.0,0.0
28665.0,0.0
28666.0,0.0
28667.0,1.0
28668.0,0.0
28669.0,0.0
28670.0,0.0
28671.0,0.0
28672.0,0.0
28673.0,0.0
28674.0,0.0
28675.0,1.0
28676.0,0.0
28677.0,0.0
28678.0,0.0
28679.0,0.0
28680.0,0.0
28682.0,0.0
28684.0,0.0
28687.0,0.0
28689.0,0.0
28690.0,0.0
28691.0,0.0
28692.0,0.0
28694.0,1.0
28695.0,0.0
28697.0,0.0
28698.0,0.0
28699.0,0.0
28700.0,1.0
28701.0,0.0
28702.0,0.0
28704.0,1.0
28705.0,1.0
28706.0,1.0
28707.0,0.0
28708.0,0.0
28710.0,0.0
28711.0,1.0
28713.0,0.0
28714.0,1.0
28715.0,0.0
28716.0,0.0
28717.0,1.0
28720.0,0.0
28721.0,0.0
28722.0,0.0
28723.0,0.0
28724.0,0.0
28725.0,0.0
28726.0,1.0
28728.0,0.0
28729.0,1.0
28731.0,0.0
28733.0,0.0
28734.0,0.0
28735.0,1.0
28736.0,0.0
28737.0,0.0
28738.0,0.0
28739.0,0.0
28741.0,1.0
28742.0,1.0
28743.0,0.0
28744.0,0.0
28745.0,1.0
28746.0,0.0
28748.0,1.0
28749.0,0.0
28750.0,1.0
28751.0,0.0
28753.0,1.0
28754.0,0.0
28755.0,0.0
28756.0,1.0
28758.0,0.0
28759.0,0.0
28760.0,0.0
28761.0,1.0
28762.0,0.0
28763.0,0.0
28766.0,1.0
28767.0,0.0
28768.0,0.0
28769.0,0.0
28771.0,1.0
28773.0,0.0
28774.0,0.0
28776.0,0.0
28777.0,0.0
28778.0,1.0
28779.0,0.0
28780.0,0.0
28781.0,1.0
28782.0,0.0
28784.0,1.0
28788.0,0.0
28789.0,0.0
28790.0,0.0
28791.0,0.0
28792.0,0.0
28793.0,0.0
28794.0,0.0
28795.0,0.0
28797.0,0.0
28798.0,0.0
28800.0,0.0
28801.0,0.0
28802.0,0.0
28803.0,0.0
28804.0,0.0
28805.0,0.0
28808.0,1.0
28809.0,0.0
28810.0,0.0
28811.0,0.0
28812.0,0.0
28813.0,0.0
28814.0,0.0
28816.0,1.0
28817.0,0.0
28819.0,0.0
28821.0,1.0
28822.0,1.0
28825.0,1.0
28826.0,0.0
28827.0,0.0
28828.0,0.0
28829.0,0.0
28830.0,0.0
28832.0,0.0
28833.0,0.0
28835.0,0.0
28836.0,1.0
28837.0,0.0
28838.0,0.0
28839.0,0.0
28840.0,1.0
28842.0,0.0
28843.0,1.0
28844.0,0.0
28846.0,0.0
28847.0,0.0
28849.0,0.0
28851.0,0.0
28852.0,0.0
28854.0,0.0
28855.0,0.0
28856.0,0.0
28857.0,1.0
28858.0,0.0
28859.0,0.0
28860.0,0.0
28861.0,0.0
28862.0,0.0
28863.0,0.0
28864.0,0.0
28865.0,0.0
28867.0,1.0
28868.0,1.0
28869.0,1.0
28870.0,0.0
28872.0,0.0
28873.0,0.0
28874.0,0.0
28875.0,0.0
28876.0,1.0
28877.0,0.0
28878.0,0.0
28879.0,0.0
28881.0,0.0
28883.0,0.0
28885.0,0.0
28886.0,0.0
28887.0,0.0
28888.0,0.0
28889.0,0.0
28890.0,0.0
28892.0,0.0
28893.0,0.0
28894.0,0.0
28895.0,1.0
28896.0,1.0
28897.0,0.0
28898.0,0.0
28899.0,0.0
28900.0,0.0
28901.0,0.0
28902.0,1.0
28903.0,0.0
28908.0,0.0
28909.0,0.0
28910.0,1.0
28911.0,0.0
28912.0,0.0
28913.0,0.0
28914.0,0.0
28915.0,1.0
28916.0,0.0
28917.0,0.0
28918.0,0.0
28921.0,0.0
28922.0,1.0
28923.0,1.0
28924.0,1.0
28925.0,1.0
28927.0,0.0
28929.0,0.0
28930.0,0.0
28931.0,0.0
28932.0,0.0
28933.0,0.0
28934.0,0.0
28937.0,0.0
28939.0,0.0
28940.0,0.0
28941.0,1.0
28942.0,0.0
28943.0,0.0
28944.0,0.0
28946.0,0.0
28947.0,0.0
28948.0,0.0
28949.0,0.0
28951.0,0.0
28952.0,0.0
28953.0,1.0
28954.0,0.0
28955.0,0.0
28956.0,0.0
28958.0,1.0
28959.0,0.0
28960.0,0.0
28961.0,0.0
28962.0,0.0
28964.0,0.0
28965.0,0.0
28966.0,0.0
28967.0,0.0
28968.0,0.0
28969.0,1.0
28970.0,0.0
28971.0,0.0
28973.0,0.0
28975.0,0.0
28976.0,0.0
28977.0,0.0
28979.0,0.0
28981.0,0.0
28982.0,1.0
28983.0,0.0
28984.0,0.0
28985.0,0.0
28986.0,0.0
28987.0,0.0
28989.0,0.0
28991.0,0.0
28992.0,0.0
28993.0,1.0
28994.0,0.0
28996.0,0.0
28997.0,1.0
28998.0,0.0
29000.0,0.0
29002.0,1.0
29003.0,0.0
29005.0,0.0
29007.0,0.0
29008.0,0.0
29009.0,0.0
29010.0,1.0
29011.0,0.0
29013.0,0.0
29014.0,0.0
29015.0,0.0
29016.0,1.0
29017.0,0.0
29021.0,0.0
29022.0,1.0
29023.0,0.0
29024.0,0.0
29025.0,1.0
29026.0,0.0
29028.0,0.0
29031.0,1.0
29033.0,1.0
29034.0,0.0
29035.0,1.0
29036.0,0.0
29037.0,0.0
29038.0,0.0
29040.0,0.0
29041.0,0.0
29042.0,0.0
29044.0,0.0
29045.0,0.0
29046.0,0.0
29047.0,0.0
29048.0,0.0
29049.0,1.0
29050.0,1.0
29051.0,0.0
29053.0,0.0
29054.0,0.0
29057.0,0.0
29058.0,0.0
29059.0,1.0
29061.0,1.0
29062.0,0.0
29063.0,0.0
29065.0,1.0
29066.0,0.0
29067.0,0.0
29070.0,1.0
29071.0,0.0
29072.0,0.0
29073.0,1.0
29075.0,0.0
29077.0,0.0
29079.0,1.0
29080.0,0.0
29082.0,0.0
29083.0,0.0
29084.0,0.0
29086.0,0.0
29089.0,0.0
29095.0,0.0
29096.0,0.0
29097.0,0.0
29098.0,0.0
29099.0,0.0
29100.0,0.0
29101.0,0.0
29103.0,0.0
29104.0,0.0
29106.0,0.0
29107.0,0.0
29109.0,0.0
29111.0,1.0
29112.0,0.0
29113.0,1.0
29116.0,0.0
29117.0,0.0
29119.0,0.0
29120.0,1.0
29121.0,1.0
29123.0,0.0
29124.0,1.0
29126.0,0.0
29128.0,0.0
29129.0,0.0
29131.0,1.0
29132.0,1.0
29133.0,1.0
29134.0,0.0
29135.0,0.0
29137.0,1.0
29138.0,0.0
29139.0,1.0
29141.0,0.0
29142.0,0.0
29143.0,1.0
29144.0,0.0
29145.0,0.0
29146.0,0.0
29147.0,0.0
29148.0,0.0
29149.0,0.0
29151.0,0.0
29154.0,1.0
29156.0,0.0
29157.0,0.0
29158.0,1.0
29159.0,1.0
29160.0,0.0
29162.0,0.0
29163.0,0.0
29164.0,0.0
29166.0,0.0
29168.0,0.0
29169.0,0.0
29170.0,0.0
29171.0,1.0
29172.0,1.0
29175.0,0.0
29176.0,0.0
29177.0,0.0
29178.0,1.0
29179.0,1.0
29181.0,0.0
29182.0,0.0
29183.0,0.0
29184.0,1.0
29186.0,1.0
29187.0,0.0
29188.0,0.0
29189.0,0.0
29191.0,0.0
29195.0,1.0
29196.0,0.0
29197.0,0.0
29198.0,0.0
29200.0,0.0
29201.0,0.0
29202.0,1.0
29203.0,0.0
29204.0,1.0
29205.0,0.0
29206.0,0.0
29207.0,0.0
29208.0,0.0
29209.0,0.0
29210.0,0.0
29211.0,1.0
29212.0,0.0
29213.0,0.0
29214.0,0.0
29215.0,0.0
29216.0,0.0
29217.0,0.0
29218.0,0.0
29219.0,1.0
29221.0,1.0
29222.0,1.0
29223.0,0.0
29224.0,0.0
29225.0,0.0
29226.0,1.0
29227.0,0.0
29228.0,0.0
29229.0,0.0
29230.0,0.0
29232.0,0.0
29233.0,0.0
29235.0,0.0
29238.0,1.0
29239.0,0.0
29241.0,0.0
29242.0,0.0
29243.0,0.0
29244.0,0.0
29245.0,0.0
29246.0,0.0
29248.0,0.0
29249.0,0.0
29250.0,1.0
29251.0,1.0
29252.0,0.0
29253.0,0.0
29254.0,0.0
29255.0,0.0
29257.0,0.0
29258.0,1.0
29259.0,1.0
29260.0,0.0
29261.0,0.0
29262.0,0.0
29263.0,0.0
29264.0,0.0
29265.0,0.0
29266.0,0.0
29267.0,1.0
29268.0,0.0
29269.0,1.0
29270.0,0.0
29271.0,0.0
29272.0,0.0
29273.0,0.0
29274.0,0.0
29276.0,0.0
29277.0,0.0
29279.0,0.0
29281.0,1.0
29282.0,0.0
29283.0,1.0
29285.0,1.0
29287.0,0.0
29289.0,0.0
29290.0,0.0
29292.0,0.0
29293.0,0.0
29294.0,0.0
29295.0,0.0
29296.0,0.0
29297.0,0.0
29298.0,0.0
29299.0,0.0
29300.0,0.0
29301.0,0.0
29302.0,0.0
29303.0,1.0
29304.0,0.0
29306.0,0.0
29307.0,0.0
29308.0,0.0
29309.0,0.0
29310.0,0.0
29312.0,0.0
29313.0,0.0
29314.0,0.0
29315.0,0.0
29316.0,0.0
29317.0,0.0
29318.0,1.0
29319.0,0.0
29320.0,0.0
29321.0,0.0
29322.0,0.0
29323.0,0.0
29324.0,0.0
29325.0,0.0
29326.0,0.0
29328.0,0.0
29330.0,0.0
29332.0,1.0
29334.0,0.0
29336.0,0.0
29337.0,1.0
29338.0,0.0
29340.0,0.0
29341.0,0.0
29343.0,1.0
29345.0,0.0
29346.0,0.0
29347.0,0.0
29348.0,0.0
29349.0,0.0
29350.0,0.0
29351.0,0.0
29354.0,0.0
29355.0,0.0
29356.0,0.0
29357.0,0.0
29359.0,0.0
29361.0,0.0
29363.0,0.0
29364.0,1.0
29365.0,0.0
29366.0,0.0
29367.0,0.0
29368.0,1.0
29369.0,0.0
29370.0,0.0
29372.0,0.0
29374.0,0.0
29375.0,0.0
29376.0,0.0
29377.0,0.0
29378.0,0.0
29379.0,0.0
29380.0,0.0
29381.0,1.0
29382.0,0.0
29383.0,1.0
29385.0,1.0
29386.0,0.0
29387.0,0.0
29388.0,0.0
29391.0,0.0
29394.0,0.0
29396.0,1.0
29397.0,0.0
29398.0,0.0
29399.0,0.0
29400.0,0.0
29402.0,0.0
29404.0,1.0
29406.0,0.0
29407.0,0.0
29408.0,0.0
29409.0,0.0
29411.0,0.0
29412.0,0.0
29413.0,0.0
29414.0,1.0
29415.0,0.0
29417.0,0.0
29418.0,0.0
29419.0,0.0
29421.0,0.0
29422.0,0.0
29424.0,0.0
29425.0,0.0
29426.0,0.0
29428.0,0.0
29430.0,0.0
29431.0,0.0
29434.0,0.0
29435.0,0.0
29436.0,0.0
29437.0,0.0
29438.0,0.0
29439.0,0.0
29441.0,0.0
29442.0,0.0
29443.0,0.0
29444.0,0.0
29445.0,0.0
29446.0,0.0
29449.0,0.0
29450.0,0.0
29451.0,0.0
29453.0,1.0
29454.0,0.0
29456.0,0.0
29457.0,1.0
29458.0,0.0
29459.0,0.0
29460.0,0.0
29462.0,1.0
29463.0,0.0
29464.0,0.0
29465.0,0.0
29467.0,0.0
29468.0,0.0
29469.0,0.0
29470.0,0.0
29471.0,0.0
29472.0,0.0
29473.0,0.0
29475.0,0.0
29477.0,0.0
29478.0,0.0
29480.0,0.0
29481.0,1.0
29482.0,0.0
29483.0,0.0
29484.0,1.0
29485.0,0.0
29487.0,0.0
29488.0,0.0
29489.0,0.0
29490.0,0.0
29491.0,1.0
29492.0,0.0
29493.0,1.0
29495.0,1.0
29496.0,0.0
29498.0,0.0
29499.0,0.0
29500.0,0.0
29501.0,0.0
29502.0,1.0
29503.0,0.0
29504.0,0.0
29506.0,0.0
29507.0,0.0
29508.0,1.0
29509.0,0.0
29510.0,0.0
29513.0,0.0
29514.0,0.0
29515.0,0.0
29517.0,0.0
29518.0,0.0
29519.0,0.0
29520.0,0.0
29521.0,0.0
29525.0,0.0
29526.0,0.0
29527.0,1.0
29528.0,0.0
29530.0,0.0
29531.0,0.0
29534.0,0.0
29536.0,0.0
29537.0,0.0
29538.0,0.0
29539.0,1.0
29540.0,0.0
29541.0,0.0
29542.0,0.0
29543.0,0.0
29544.0,0.0
29545.0,1.0
29546.0,1.0
29547.0,0.0
29549.0,1.0
29550.0,1.0
29552.0,0.0
29553.0,0.0
29554.0,0.0
29555.0,0.0
29556.0,0.0
29557.0,0.0
29558.0,0.0
29559.0,1.0
29560.0,0.0
29561.0,0.0
29564.0,0.0
29565.0,0.0
29566.0,1.0
29569.0,0.0
29570.0,0.0
29571.0,1.0
29572.0,0.0
29576.0,1.0
29577.0,1.0
29578.0,0.0
29579.0,0.0
29580.0,0.0
29581.0,1.0
29582.0,0.0
29583.0,0.0
29584.0,1.0
29585.0,1.0
29586.0,0.0
29587.0,0.0
29588.0,0.0
29589.0,0.0
29590.0,0.0
29591.0,0.0
29593.0,0.0
29594.0,0.0
29595.0,1.0
29596.0,0.0
29597.0,0.0
29598.0,0.0
29600.0,0.0
29602.0,0.0
29603.0,0.0
29604.0,0.0
29605.0,0.0
29606.0,0.0
29607.0,0.0
29609.0,0.0
29610.0,0.0
29611.0,1.0
29612.0,0.0
29614.0,0.0
29615.0,0.0
29616.0,0.0
29617.0,0.0
29618.0,0.0
29619.0,0.0
29621.0,0.0
29622.0,0.0
29623.0,1.0
29624.0,1.0
29625.0,1.0
29626.0,0.0
29627.0,1.0
29628.0,1.0
29629.0,0.0
29631.0,0.0
29632.0,0.0
29633.0,0.0
29634.0,0.0
29635.0,0.0
29636.0,0.0
29639.0,0.0
29640.0,0.0
29641.0,0.0
29642.0,1.0
29644.0,0.0
29645.0,0.0
29646.0,0.0
29647.0,0.0
29649.0,0.0
29650.0,1.0
29652.0,0.0
29653.0,1.0
29654.0,1.0
29655.0,0.0
29656.0,0.0
29658.0,0.0
29660.0,0.0
29661.0,0.0
29664.0,0.0
29667.0,0.0
29668.0,0.0
29669.0,0.0
29670.0,0.0
29672.0,0.0
29673.0,0.0
29674.0,0.0
29675.0,0.0
29676.0,0.0
29677.0,0.0
29678.0,0.0
29679.0,0.0
29680.0,0.0
29681.0,0.0
29682.0,1.0
29683.0,0.0
29684.0,0.0
29685.0,0.0
29686.0,0.0
29688.0,0.0
29690.0,0.0
29691.0,0.0
29692.0,0.0
29693.0,0.0
29694.0,0.0
29696.0,0.0
29697.0,0.0
29698.0,1.0
29701.0,1.0
29702.0,0.0
29703.0,0.0
29704.0,0.0
29705.0,0.0
29707.0,0.0
29708.0,0.0
29709.0,0.0
29710.0,0.0
29711.0,0.0
29712.0,0.0
29713.0,0.0
29714.0,0.0
29718.0,0.0
29719.0,0.0
29720.0,0.0
29722.0,0.0
29723.0,0.0
29724.0,0.0
29725.0,0.0
29726.0,0.0
29729.0,0.0
29730.0,0.0
29733.0,0.0
29734.0,0.0
29736.0,0.0
29737.0,0.0
29740.0,1.0
29741.0,0.0
29743.0,0.0
29744.0,0.0
29745.0,0.0
29748.0,0.0
29750.0,0.0
29751.0,0.0
29752.0,0.0
29753.0,1.0
29755.0,0.0
29756.0,0.0
29758.0,0.0
29759.0,0.0
29760.0,0.0
29761.0,1.0
29762.0,0.0
29763.0,0.0
29764.0,1.0
29766.0,1.0
29767.0,1.0
29768.0,1.0
29769.0,0.0
29770.0,0.0
29771.0,1.0
29772.0,0.0
29774.0,1.0
29775.0,0.0
29776.0,1.0
29778.0,0.0
29780.0,0.0
29781.0,1.0
29782.0,0.0
29784.0,1.0
29785.0,0.0
29787.0,0.0
29788.0,0.0
29790.0,0.0
29791.0,0.0
29792.0,0.0
29793.0,0.0
29794.0,0.0
29795.0,1.0
29796.0,0.0
29797.0,1.0
29798.0,0.0
29799.0,1.0
29800.0,0.0
29801.0,0.0
29802.0,0.0
29803.0,0.0
29804.0,0.0
29807.0,0.0
29809.0,0.0
29810.0,1.0
29813.0,0.0
29814.0,1.0
29816.0,0.0
29817.0,0.0
29820.0,0.0
29821.0,1.0
29822.0,0.0
29823.0,0.0
29824.0,0.0
29825.0,1.0
29826.0,0.0
29828.0,0.0
29830.0,0.0
29831.0,0.0
29832.0,1.0
29834.0,0.0
29835.0,1.0
29836.0,1.0
29837.0,0.0
29838.0,0.0
29839.0,0.0
29840.0,0.0
29841.0,1.0
29842.0,0.0
29843.0,1.0
29844.0,0.0
29845.0,0.0
29846.0,0.0
29848.0,1.0
29849.0,1.0
29850.0,0.0
29851.0,1.0
29852.0,0.0
29853.0,0.0
29855.0,0.0
29857.0,0.0
29858.0,0.0
29860.0,0.0
29861.0,0.0
29863.0,0.0
29866.0,0.0
29868.0,0.0
29869.0,0.0
29870.0,0.0
29871.0,0.0
29872.0,0.0
29873.0,0.0
29874.0,1.0
29875.0,0.0
29876.0,0.0
29877.0,1.0
29878.0,0.0
29880.0,0.0
29882.0,0.0
29883.0,0.0
29886.0,0.0
29887.0,0.0
29888.0,0.0
29889.0,0.0
29890.0,0.0
29891.0,1.0
29892.0,0.0
29893.0,0.0
29895.0,1.0
29896.0,0.0
29898.0,1.0
29899.0,0.0
29901.0,0.0
29902.0,0.0
29903.0,0.0
29904.0,0.0
29905.0,0.0
29906.0,0.0
29907.0,0.0
29908.0,0.0
29909.0,0.0
29911.0,0.0
29913.0,0.0
29914.0,1.0
29915.0,0.0
29916.0,0.0
29917.0,0.0
29918.0,0.0
29919.0,1.0
29920.0,1.0
29921.0,0.0
29922.0,0.0
29923.0,0.0
29924.0,0.0
29925.0,0.0
29927.0,0.0
29929.0,1.0
29931.0,0.0
29932.0,0.0
29933.0,0.0
29934.0,0.0
29936.0,0.0
29937.0,0.0
29938.0,0.0
29939.0,0.0
29940.0,0.0
29941.0,0.0
29943.0,0.0
29944.0,0.0
29945.0,0.0
29946.0,1.0
29947.0,0.0
29948.0,0.0
29949.0,0.0
29950.0,0.0
29952.0,0.0
29954.0,1.0
29955.0,0.0
29956.0,0.0
29957.0,0.0
29958.0,0.0
29959.0,0.0
29960.0,0.0
29961.0,0.0
29963.0,0.0
29966.0,0.0
29969.0,0.0
29971.0,1.0
29972.0,0.0
29973.0,0.0
29975.0,1.0
29976.0,0.0
29977.0,0.0
29978.0,1.0
29979.0,0.0
29981.0,0.0
29983.0,0.0
29984.0,0.0
29985.0,1.0
29986.0,0.0
29989.0,1.0
29990.0,0.0
29991.0,0.0
29992.0,0.0
29994.0,0.0
29995.0,0.0
29996.0,0.0
29997.0,0.0
29998.0,0.0
29999.0,0.0
30000.0,1.0
30002.0,1.0
30003.0,0.0
30004.0,0.0
30006.0,0.0
30007.0,1.0
30008.0,0.0
30009.0,1.0
30010.0,0.0
30011.0,1.0
30012.0,1.0
30013.0,1.0
30014.0,0.0
30016.0,1.0
30017.0,0.0
30018.0,1.0
30020.0,0.0
30021.0,1.0
30022.0,0.0
30023.0,0.0
30025.0,0.0
30026.0,1.0
30027.0,1.0
30028.0,0.0
30029.0,0.0
30031.0,0.0
30032.0,1.0
30033.0,1.0
30035.0,1.0
30036.0,0.0
30037.0,1.0
30038.0,0.0
30039.0,0.0
30040.0,0.0
30042.0,0.0
30043.0,0.0
30045.0,1.0
30046.0,0.0
30047.0,0.0
30049.0,0.0
30050.0,0.0
30051.0,1.0
30052.0,0.0
30053.0,0.0
30054.0,0.0
30055.0,1.0
30056.0,0.0
30057.0,0.0
30059.0,1.0
30060.0,0.0
30063.0,1.0
30066.0,0.0
30067.0,0.0
30068.0,0.0
30070.0,0.0
30071.0,0.0
30072.0,0.0
30073.0,0.0
30075.0,0.0
30077.0,0.0
30078.0,1.0
30079.0,1.0
30082.0,0.0
30083.0,1.0
30084.0,0.0
30085.0,0.0
30088.0,0.0
30089.0,1.0
30090.0,0.0
30091.0,0.0
30094.0,1.0
30095.0,1.0
30100.0,0.0
30101.0,0.0
30103.0,1.0
30104.0,0.0
30105.0,1.0
30107.0,0.0
30109.0,0.0
30112.0,0.0
30113.0,0.0
30114.0,1.0
30115.0,0.0
30116.0,1.0
30117.0,0.0
30118.0,0.0
30119.0,1.0
30120.0,1.0
30121.0,1.0
30123.0,1.0
30124.0,0.0
30125.0,0.0
30126.0,1.0
30127.0,0.0
30129.0,0.0
30133.0,0.0
30134.0,0.0
30136.0,0.0
30138.0,0.0
30139.0,0.0
30140.0,0.0
30141.0,0.0
30142.0,0.0
30143.0,0.0
30144.0,0.0
30145.0,0.0
30146.0,0.0
30147.0,1.0
30148.0,0.0
30150.0,0.0
30151.0,1.0
30152.0,1.0
30153.0,0.0
30154.0,1.0
30155.0,0.0
30156.0,0.0
30159.0,0.0
30160.0,1.0
30161.0,1.0
30163.0,0.0
30164.0,0.0
30165.0,0.0
30166.0,1.0
30167.0,1.0
30168.0,1.0
30169.0,1.0
30171.0,1.0
30172.0,0.0
30173.0,1.0
30176.0,1.0
30177.0,0.0
30178.0,0.0
30179.0,0.0
30180.0,0.0
30181.0,0.0
30182.0,1.0
30183.0,0.0
30184.0,0.0
30186.0,0.0
30187.0,0.0
30188.0,0.0
30189.0,0.0
30190.0,0.0
30191.0,0.0
30192.0,0.0
30193.0,1.0
30194.0,0.0
30197.0,0.0
30198.0,0.0
30199.0,0.0
30200.0,0.0
30201.0,0.0
30202.0,0.0
30203.0,1.0
30205.0,0.0
30206.0,0.0
30208.0,0.0
30210.0,0.0
30211.0,0.0
30213.0,0.0
30214.0,0.0
30215.0,0.0
30217.0,0.0
30218.0,1.0
30219.0,0.0
30220.0,1.0
30222.0,0.0
30223.0,0.0
30224.0,0.0
30227.0,1.0
30228.0,0.0
30230.0,0.0
30234.0,0.0
30235.0,0.0
30236.0,1.0
30240.0,0.0
30241.0,1.0
30243.0,0.0
30245.0,0.0
30246.0,0.0
30247.0,1.0
30248.0,0.0
30250.0,0.0
30251.0,0.0
30252.0,0.0
30253.0,1.0
30254.0,0.0
30255.0,0.0
30256.0,0.0
30257.0,1.0
30258.0,0.0
30259.0,0.0
30260.0,0.0
30261.0,0.0
30263.0,0.0
30264.0,1.0
30267.0,0.0
30268.0,0.0
30269.0,0.0
30270.0,0.0
30271.0,0.0
30272.0,0.0
30273.0,1.0
30274.0,0.0
30275.0,0.0
30276.0,1.0
30277.0,0.0
30278.0,0.0
30279.0,0.0
30280.0,1.0
30282.0,0.0
30283.0,0.0
30284.0,1.0
30285.0,1.0
30287.0,0.0
30288.0,0.0
30289.0,0.0
30290.0,0.0
30291.0,0.0
30293.0,0.0
30294.0,0.0
30295.0,0.0
30296.0,0.0
30297.0,1.0
30298.0,0.0
30299.0,0.0
30300.0,0.0
30301.0,1.0
30302.0,0.0
30304.0,1.0
30305.0,0.0
30306.0,0.0
30307.0,0.0
30308.0,0.0
30309.0,1.0
30310.0,0.0
30311.0,0.0
30312.0,0.0
30313.0,0.0
30314.0,0.0
30315.0,0.0
30316.0,1.0
30317.0,0.0
30318.0,0.0
30319.0,0.0
30323.0,1.0
30324.0,0.0
30325.0,0.0
30326.0,0.0
30327.0,0.0
30329.0,1.0
30330.0,1.0
30331.0,1.0
30332.0,0.0
30333.0,0.0
30334.0,0.0
30336.0,0.0
30337.0,1.0
30338.0,0.0
30339.0,0.0
30340.0,0.0
30342.0,0.0
30344.0,1.0
30345.0,0.0
30346.0,0.0
30347.0,0.0
30348.0,0.0
30349.0,1.0
30350.0,1.0
30351.0,0.0
30352.0,0.0
30353.0,0.0
30354.0,0.0
30357.0,0.0
30358.0,1.0
30359.0,0.0
30360.0,0.0
30361.0,0.0
30363.0,0.0
30364.0,0.0
30365.0,0.0
30366.0,1.0
30367.0,1.0
30368.0,0.0
30369.0,0.0
30370.0,0.0
30371.0,0.0
30373.0,0.0
30374.0,0.0
30377.0,1.0
30378.0,1.0
30380.0,1.0
30381.0,0.0
30382.0,1.0
30383.0,0.0
30385.0,0.0
30388.0,0.0
30389.0,1.0
30390.0,0.0
30392.0,0.0
30393.0,0.0
30398.0,0.0
30399.0,1.0
30400.0,0.0
30401.0,0.0
30403.0,0.0
30404.0,0.0
30406.0,0.0
30407.0,0.0
30408.0,1.0
30409.0,0.0
30410.0,1.0
30412.0,0.0
30414.0,0.0
30415.0,1.0
30417.0,0.0
30418.0,1.0
30419.0,0.0
30421.0,0.0
30423.0,1.0
30424.0,1.0
30425.0,1.0
30426.0,1.0
30427.0,1.0
30428.0,0.0
30429.0,1.0
30430.0,0.0
30431.0,0.0
30433.0,0.0
30435.0,0.0
30436.0,0.0
30437.0,1.0
30439.0,0.0
30440.0,0.0
30441.0,0.0
30442.0,0.0
30443.0,0.0
30445.0,1.0
30448.0,1.0
30449.0,0.0
30450.0,0.0
30451.0,1.0
30453.0,0.0
30454.0,1.0
30456.0,0.0
30458.0,0.0
30460.0,0.0
30461.0,0.0
30462.0,0.0
30464.0,0.0
30465.0,0.0
30466.0,0.0
30467.0,0.0
30469.0,0.0
30470.0,1.0
30471.0,0.0
30472.0,1.0
30473.0,0.0
30474.0,0.0
30475.0,1.0
30476.0,0.0
30480.0,0.0
30483.0,0.0
30484.0,0.0
30485.0,0.0
30486.0,0.0
30488.0,0.0
30489.0,0.0
30493.0,0.0
30494.0,0.0
30495.0,0.0
30497.0,0.0
30498.0,0.0
30499.0,0.0
30500.0,1.0
30502.0,0.0
30503.0,1.0
30504.0,0.0
30505.0,1.0
30508.0,0.0
30509.0,0.0
30510.0,0.0
30512.0,0.0
30514.0,0.0
30515.0,0.0
30518.0,0.0
30519.0,0.0
30521.0,0.0
30522.0,0.0
30523.0,0.0
30524.0,0.0
30525.0,0.0
30526.0,0.0
30527.0,0.0
30528.0,1.0
30529.0,0.0
30530.0,0.0
30532.0,0.0
30533.0,1.0
30534.0,0.0
30535.0,0.0
30536.0,1.0
30537.0,0.0
30538.0,0.0
30539.0,1.0
30540.0,0.0
30541.0,1.0
30544.0,0.0
30545.0,0.0
30546.0,0.0
30547.0,0.0
30548.0,0.0
30549.0,0.0
30550.0,0.0
30551.0,0.0
30552.0,0.0
30554.0,1.0
30556.0,0.0
30558.0,0.0
30559.0,0.0
30560.0,1.0
30561.0,0.0
30562.0,1.0
30564.0,0.0
30565.0,0.0
30566.0,0.0
30567.0,0.0
30569.0,1.0
30571.0,0.0
30572.0,0.0
30573.0,0.0
30574.0,0.0
30576.0,0.0
30577.0,0.0
30578.0,0.0
30579.0,0.0
30580.0,0.0
30582.0,0.0
30583.0,0.0
30585.0,0.0
30586.0,0.0
30587.0,0.0
30589.0,0.0
30590.0,0.0
30592.0,0.0
30593.0,1.0
30595.0,0.0
30596.0,0.0
30597.0,0.0
30598.0,1.0
30600.0,0.0
30601.0,1.0
30602.0,0.0
30603.0,0.0
30604.0,0.0
30605.0,0.0
30606.0,0.0
30607.0,0.0
30608.0,0.0
30609.0,1.0
30610.0,0.0
30611.0,1.0
30612.0,1.0
30613.0,0.0
30615.0,0.0
30616.0,0.0
30619.0,1.0
30620.0,0.0
30621.0,0.0
30622.0,0.0
30623.0,0.0
30624.0,0.0
30625.0,0.0
30627.0,0.0
30628.0,0.0
30629.0,0.0
30633.0,0.0
30635.0,0.0
30638.0,1.0
30640.0,0.0
30641.0,0.0
30642.0,0.0
30643.0,0.0
30644.0,0.0
30645.0,0.0
30646.0,0.0
30648.0,0.0
30650.0,0.0
30651.0,0.0
30652.0,0.0
30653.0,0.0
30654.0,1.0
30655.0,0.0
30657.0,0.0
30658.0,0.0
30659.0,0.0
30661.0,1.0
30662.0,1.0
30664.0,0.0
30666.0,1.0
30667.0,0.0
30668.0,0.0
30671.0,0.0
30674.0,0.0
30675.0,0.0
30676.0,0.0
30677.0,1.0
30678.0,0.0
30679.0,1.0
30684.0,1.0
30685.0,0.0
30686.0,0.0
30689.0,0.0
30690.0,0.0
30691.0,0.0
30692.0,1.0
30695.0,0.0
30696.0,0.0
30697.0,0.0
